"Cylinders","averageconsumption"
4,56.2869363636364
6,44.6124666666667
